"Provider ID","Measure","Score","Footnote"
"AK","HAI_1_SIR","1.769",""
"AL","HAI_1_SIR","0.616",""
"AR","HAI_1_SIR","0.530",""
"AS","HAI_1_SIR","Not Available","This measure does not apply to this hospital for this reporting period."
"AZ","HAI_1_SIR","0.598",""
"CA","HAI_1_SIR","0.512",""
"CO","HAI_1_SIR","0.500",""
"CT","HAI_1_SIR","0.599",""
"DC","HAI_1_SIR","0.767",""
"DE","HAI_1_SIR","0.468",""
"FL","HAI_1_SIR","0.546",""
"GA","HAI_1_SIR","0.666",""
"GU","HAI_1_SIR","Not Available","This measure does not apply to this hospital for this reporting period."
"HI","HAI_1_SIR","0.161",""
"IA","HAI_1_SIR","0.469",""
"ID","HAI_1_SIR","0.334",""
"IL","HAI_1_SIR","0.567",""
"IN","HAI_1_SIR","0.611",""
"KS","HAI_1_SIR","0.409",""
"KY","HAI_1_SIR","0.810",""
"LA","HAI_1_SIR","0.762",""
"MA","HAI_1_SIR","0.434",""
"MD","HAI_1_SIR","0.532",""
"ME","HAI_1_SIR","0.965",""
"MI","HAI_1_SIR","0.439",""
"MN","HAI_1_SIR","0.488",""
"MO","HAI_1_SIR","0.476",""
"MP","HAI_1_SIR","Not Available","This measure does not apply to this hospital for this reporting period."
"MS","HAI_1_SIR","0.942",""
"MT","HAI_1_SIR","0.586",""
"NC","HAI_1_SIR","0.477",""
"ND","HAI_1_SIR","0.349",""
"NE","HAI_1_SIR","0.645",""
"NH","HAI_1_SIR","0.519",""
"NJ","HAI_1_SIR","0.759",""
"NM","HAI_1_SIR","0.591",""
"NV","HAI_1_SIR","0.477",""
"NY","HAI_1_SIR","0.574",""
"OH","HAI_1_SIR","0.472",""
"OK","HAI_1_SIR","0.508",""
"OR","HAI_1_SIR","0.356",""
"PA","HAI_1_SIR","0.504",""
"PR","HAI_1_SIR","1.105",""
"RI","HAI_1_SIR","0.644",""
"SC","HAI_1_SIR","0.670",""
"SD","HAI_1_SIR","0.379",""
"TN","HAI_1_SIR","0.555",""
"TX","HAI_1_SIR","0.554",""
"UT","HAI_1_SIR","0.645",""
"VA","HAI_1_SIR","0.468",""
"VI","HAI_1_SIR","Not Available","Results cannot be calculated for this reporting period."
"VT","HAI_1_SIR","0.257",""
"WA","HAI_1_SIR","0.533",""
"WI","HAI_1_SIR","0.441",""
"WV","HAI_1_SIR","0.460",""
"WY","HAI_1_SIR","0.245",""
"AK","HAI_1_CI_UPPER","2.655",""
"AL","HAI_1_CI_UPPER","0.696",""
"AR","HAI_1_CI_UPPER","0.628",""
"AS","HAI_1_CI_UPPER","Not Available","This measure does not apply to this hospital for this reporting period."
"AZ","HAI_1_CI_UPPER","0.681",""
"CA","HAI_1_CI_UPPER","0.544",""
"CO","HAI_1_CI_UPPER","0.598",""
"CT","HAI_1_CI_UPPER","0.710",""
"DC","HAI_1_CI_UPPER","0.925",""
"DE","HAI_1_CI_UPPER","0.696",""
"FL","HAI_1_CI_UPPER","0.584",""
"GA","HAI_1_CI_UPPER","0.733",""
"GU","HAI_1_CI_UPPER","Not Available","This measure does not apply to this hospital for this reporting period."
"HI","HAI_1_CI_UPPER","0.296",""
"IA","HAI_1_CI_UPPER","0.597",""
"ID","HAI_1_CI_UPPER","0.527",""
"IL","HAI_1_CI_UPPER","0.624",""
"IN","HAI_1_CI_UPPER","0.687",""
"KS","HAI_1_CI_UPPER","0.518",""
"KY","HAI_1_CI_UPPER","0.921",""
"LA","HAI_1_CI_UPPER","0.857",""
"MA","HAI_1_CI_UPPER","0.501",""
"MD","HAI_1_CI_UPPER","0.616",""
"ME","HAI_1_CI_UPPER","1.283",""
"MI","HAI_1_CI_UPPER","0.489",""
"MN","HAI_1_CI_UPPER","0.584",""
"MO","HAI_1_CI_UPPER","0.543",""
"MP","HAI_1_CI_UPPER","Not Available","This measure does not apply to this hospital for this reporting period."
"MS","HAI_1_CI_UPPER","1.085",""
"MT","HAI_1_CI_UPPER","0.926",""
"NC","HAI_1_CI_UPPER","0.534",""
"ND","HAI_1_CI_UPPER","0.545",""
"NE","HAI_1_CI_UPPER","0.825",""
"NH","HAI_1_CI_UPPER","0.802",""
"NJ","HAI_1_CI_UPPER","0.839",""
"NM","HAI_1_CI_UPPER","0.766",""
"NV","HAI_1_CI_UPPER","0.564",""
"NY","HAI_1_CI_UPPER","0.617",""
"OH","HAI_1_CI_UPPER","0.522",""
"OK","HAI_1_CI_UPPER","0.595",""
"OR","HAI_1_CI_UPPER","0.458",""
"PA","HAI_1_CI_UPPER","0.547",""
"PR","HAI_1_CI_UPPER","1.355",""
"RI","HAI_1_CI_UPPER","0.877",""
"SC","HAI_1_CI_UPPER","0.766",""
"SD","HAI_1_CI_UPPER","0.616",""
"TN","HAI_1_CI_UPPER","0.619",""
"TX","HAI_1_CI_UPPER","0.590",""
"UT","HAI_1_CI_UPPER","0.786",""
"VA","HAI_1_CI_UPPER","0.536",""
"VI","HAI_1_CI_UPPER","Not Available","Results cannot be calculated for this reporting period."
"VT","HAI_1_CI_UPPER","0.559",""
"WA","HAI_1_CI_UPPER","0.627",""
"WI","HAI_1_CI_UPPER","0.525",""
"WV","HAI_1_CI_UPPER","0.579",""
"WY","HAI_1_CI_UPPER","0.886",""
"AK","HAI_1_CI_LOWER","1.121",""
"AL","HAI_1_CI_LOWER","0.542",""
"AR","HAI_1_CI_LOWER","0.444",""
"AS","HAI_1_CI_LOWER","Not Available","This measure does not apply to this hospital for this reporting period."
"AZ","HAI_1_CI_LOWER","0.524",""
"CA","HAI_1_CI_LOWER","0.482",""
"CO","HAI_1_CI_LOWER","0.414",""
"CT","HAI_1_CI_LOWER","0.502",""
"DC","HAI_1_CI_LOWER","0.630",""
"DE","HAI_1_CI_LOWER","0.299",""
"FL","HAI_1_CI_LOWER","0.511",""
"GA","HAI_1_CI_LOWER","0.604",""
"GU","HAI_1_CI_LOWER","Not Available","This measure does not apply to this hospital for this reporting period."
"HI","HAI_1_CI_LOWER","0.077",""
"IA","HAI_1_CI_LOWER","0.362",""
"ID","HAI_1_CI_LOWER","0.198",""
"IL","HAI_1_CI_LOWER","0.515",""
"IN","HAI_1_CI_LOWER","0.541",""
"KS","HAI_1_CI_LOWER","0.318",""
"KY","HAI_1_CI_LOWER","0.710",""
"LA","HAI_1_CI_LOWER","0.674",""
"MA","HAI_1_CI_LOWER","0.374",""
"MD","HAI_1_CI_LOWER","0.456",""
"ME","HAI_1_CI_LOWER","0.709",""
"MI","HAI_1_CI_LOWER","0.393",""
"MN","HAI_1_CI_LOWER","0.404",""
"MO","HAI_1_CI_LOWER","0.416",""
"MP","HAI_1_CI_LOWER","Not Available","This measure does not apply to this hospital for this reporting period."
"MS","HAI_1_CI_LOWER","0.814",""
"MT","HAI_1_CI_LOWER","0.347",""
"NC","HAI_1_CI_LOWER","0.425",""
"ND","HAI_1_CI_LOWER","0.210",""
"NE","HAI_1_CI_LOWER","0.496",""
"NH","HAI_1_CI_LOWER","0.317",""
"NJ","HAI_1_CI_LOWER","0.684",""
"NM","HAI_1_CI_LOWER","0.448",""
"NV","HAI_1_CI_LOWER","0.401",""
"NY","HAI_1_CI_LOWER","0.533",""
"OH","HAI_1_CI_LOWER","0.425",""
"OK","HAI_1_CI_LOWER","0.431",""
"OR","HAI_1_CI_LOWER","0.272",""
"PA","HAI_1_CI_LOWER","0.464",""
"PR","HAI_1_CI_LOWER","0.891",""
"RI","HAI_1_CI_LOWER","0.460",""
"SC","HAI_1_CI_LOWER","0.584",""
"SD","HAI_1_CI_LOWER","0.217",""
"TN","HAI_1_CI_LOWER","0.496",""
"TX","HAI_1_CI_LOWER","0.519",""
"UT","HAI_1_CI_LOWER","0.523",""
"VA","HAI_1_CI_LOWER","0.407",""
"VI","HAI_1_CI_LOWER","Not Available","Results cannot be calculated for this reporting period."
"VT","HAI_1_CI_LOWER","0.094",""
"WA","HAI_1_CI_LOWER","0.451",""
"WI","HAI_1_CI_LOWER","0.368",""
"WV","HAI_1_CI_LOWER","0.360",""
"WY","HAI_1_CI_LOWER","0.030",""
"AK","HAI_2_SIR","0.879",""
"AL","HAI_2_SIR","0.770",""
"AR","HAI_2_SIR","1.164",""
"AS","HAI_2_SIR","Not Available","This measure does not apply to this hospital for this reporting period."
"AZ","HAI_2_SIR","1.216",""
"CA","HAI_2_SIR","1.014",""
"CO","HAI_2_SIR","1.036",""
"CT","HAI_2_SIR","1.843",""
"DC","HAI_2_SIR","1.397",""
"DE","HAI_2_SIR","1.364",""
"FL","HAI_2_SIR","0.871",""
"GA","HAI_2_SIR","1.001",""
"GU","HAI_2_SIR","Not Available","This measure does not apply to this hospital for this reporting period."
"HI","HAI_2_SIR","0.787",""
"IA","HAI_2_SIR","1.046",""
"ID","HAI_2_SIR","1.074",""
"IL","HAI_2_SIR","1.082",""
"IN","HAI_2_SIR","1.178",""
"KS","HAI_2_SIR","0.897",""
"KY","HAI_2_SIR","1.123",""
"LA","HAI_2_SIR","0.864",""
"MA","HAI_2_SIR","1.634",""
"MD","HAI_2_SIR","2.327",""
"ME","HAI_2_SIR","1.911",""
"MI","HAI_2_SIR","1.061",""
"MN","HAI_2_SIR","1.549",""
"MO","HAI_2_SIR","0.966",""
"MP","HAI_2_SIR","Not Available","This measure does not apply to this hospital for this reporting period."
"MS","HAI_2_SIR","1.116",""
"MT","HAI_2_SIR","1.383",""
"NC","HAI_2_SIR","1.112",""
"ND","HAI_2_SIR","0.757",""
"NE","HAI_2_SIR","1.466",""
"NH","HAI_2_SIR","1.238",""
"NJ","HAI_2_SIR","0.929",""
"NM","HAI_2_SIR","0.943",""
"NV","HAI_2_SIR","1.206",""
"NY","HAI_2_SIR","1.370",""
"OH","HAI_2_SIR","0.954",""
"OK","HAI_2_SIR","0.667",""
"OR","HAI_2_SIR","1.241",""
"PA","HAI_2_SIR","0.912",""
"PR","HAI_2_SIR","1.046",""
"RI","HAI_2_SIR","1.375",""
"SC","HAI_2_SIR","1.709",""
"SD","HAI_2_SIR","0.976",""
"TN","HAI_2_SIR","1.467",""
"TX","HAI_2_SIR","0.939",""
"UT","HAI_2_SIR","1.829",""
"VA","HAI_2_SIR","0.886",""
"VI","HAI_2_SIR","2.849",""
"VT","HAI_2_SIR","1.237",""
"WA","HAI_2_SIR","1.162",""
"WI","HAI_2_SIR","0.919",""
"WV","HAI_2_SIR","0.826",""
"WY","HAI_2_SIR","0.479",""
"AK","HAI_2_CI_UPPER","1.476",""
"AL","HAI_2_CI_UPPER","0.846",""
"AR","HAI_2_CI_UPPER","1.312",""
"AS","HAI_2_CI_UPPER","Not Available","This measure does not apply to this hospital for this reporting period."
"AZ","HAI_2_CI_UPPER","1.324",""
"CA","HAI_2_CI_UPPER","1.060",""
"CO","HAI_2_CI_UPPER","1.169",""
"CT","HAI_2_CI_UPPER","2.011",""
"DC","HAI_2_CI_UPPER","1.651",""
"DE","HAI_2_CI_UPPER","1.729",""
"FL","HAI_2_CI_UPPER","0.917",""
"GA","HAI_2_CI_UPPER","1.077",""
"GU","HAI_2_CI_UPPER","Not Available","This measure does not apply to this hospital for this reporting period."
"HI","HAI_2_CI_UPPER","1.024",""
"IA","HAI_2_CI_UPPER","1.229",""
"ID","HAI_2_CI_UPPER","1.389",""
"IL","HAI_2_CI_UPPER","1.156",""
"IN","HAI_2_CI_UPPER","1.282",""
"KS","HAI_2_CI_UPPER","1.041",""
"KY","HAI_2_CI_UPPER","1.237",""
"LA","HAI_2_CI_UPPER","0.964",""
"MA","HAI_2_CI_UPPER","1.750",""
"MD","HAI_2_CI_UPPER","2.531",""
"ME","HAI_2_CI_UPPER","2.301",""
"MI","HAI_2_CI_UPPER","1.133",""
"MN","HAI_2_CI_UPPER","1.708",""
"MO","HAI_2_CI_UPPER","1.056",""
"MP","HAI_2_CI_UPPER","Not Available","This measure does not apply to this hospital for this reporting period."
"MS","HAI_2_CI_UPPER","1.257",""
"MT","HAI_2_CI_UPPER","1.915",""
"NC","HAI_2_CI_UPPER","1.193",""
"ND","HAI_2_CI_UPPER","1.058",""
"NE","HAI_2_CI_UPPER","1.764",""
"NH","HAI_2_CI_UPPER","1.591",""
"NJ","HAI_2_CI_UPPER","1.011",""
"NM","HAI_2_CI_UPPER","1.153",""
"NV","HAI_2_CI_UPPER","1.350",""
"NY","HAI_2_CI_UPPER","1.431",""
"OH","HAI_2_CI_UPPER","1.015",""
"OK","HAI_2_CI_UPPER","0.767",""
"OR","HAI_2_CI_UPPER","1.421",""
"PA","HAI_2_CI_UPPER","0.966",""
"PR","HAI_2_CI_UPPER","1.257",""
"RI","HAI_2_CI_UPPER","1.685",""
"SC","HAI_2_CI_UPPER","1.852",""
"SD","HAI_2_CI_UPPER","1.358",""
"TN","HAI_2_CI_UPPER","1.561",""
"TX","HAI_2_CI_UPPER","0.987",""
"UT","HAI_2_CI_UPPER","2.070",""
"VA","HAI_2_CI_UPPER","0.973",""
"VI","HAI_2_CI_UPPER","7.295",""
"VT","HAI_2_CI_UPPER","1.747",""
"WA","HAI_2_CI_UPPER","1.298",""
"WI","HAI_2_CI_UPPER","1.035",""
"WV","HAI_2_CI_UPPER","0.964",""
"WY","HAI_2_CI_UPPER","1.118",""
"AK","HAI_2_CI_LOWER","0.481",""
"AL","HAI_2_CI_LOWER","0.699",""
"AR","HAI_2_CI_LOWER","1.029",""
"AS","HAI_2_CI_LOWER","Not Available","This measure does not apply to this hospital for this reporting period."
"AZ","HAI_2_CI_LOWER","1.114",""
"CA","HAI_2_CI_LOWER","0.971",""
"CO","HAI_2_CI_LOWER","0.914",""
"CT","HAI_2_CI_LOWER","1.685",""
"DC","HAI_2_CI_LOWER","1.173",""
"DE","HAI_2_CI_LOWER","1.059",""
"FL","HAI_2_CI_LOWER","0.827",""
"GA","HAI_2_CI_LOWER","0.929",""
"GU","HAI_2_CI_LOWER","Not Available","This measure does not apply to this hospital for this reporting period."
"HI","HAI_2_CI_LOWER","0.593",""
"IA","HAI_2_CI_LOWER","0.885",""
"ID","HAI_2_CI_LOWER","0.816",""
"IL","HAI_2_CI_LOWER","1.011",""
"IN","HAI_2_CI_LOWER","1.081",""
"KS","HAI_2_CI_LOWER","0.769",""
"KY","HAI_2_CI_LOWER","1.016",""
"LA","HAI_2_CI_LOWER","0.772",""
"MA","HAI_2_CI_LOWER","1.524",""
"MD","HAI_2_CI_LOWER","2.136",""
"ME","HAI_2_CI_LOWER","1.572",""
"MI","HAI_2_CI_LOWER","0.994",""
"MN","HAI_2_CI_LOWER","1.400",""
"MO","HAI_2_CI_LOWER","0.882",""
"MP","HAI_2_CI_LOWER","Not Available","This measure does not apply to this hospital for this reporting period."
"MS","HAI_2_CI_LOWER","0.987",""
"MT","HAI_2_CI_LOWER","0.969",""
"NC","HAI_2_CI_LOWER","1.036",""
"ND","HAI_2_CI_LOWER","0.524",""
"NE","HAI_2_CI_LOWER","1.207",""
"NH","HAI_2_CI_LOWER","0.947",""
"NJ","HAI_2_CI_LOWER","0.852",""
"NM","HAI_2_CI_LOWER","0.763",""
"NV","HAI_2_CI_LOWER","1.073",""
"NY","HAI_2_CI_LOWER","1.311",""
"OH","HAI_2_CI_LOWER","0.895",""
"OK","HAI_2_CI_LOWER","0.577",""
"OR","HAI_2_CI_LOWER","1.078",""
"PA","HAI_2_CI_LOWER","0.859",""
"PR","HAI_2_CI_LOWER","0.862",""
"RI","HAI_2_CI_LOWER","1.110",""
"SC","HAI_2_CI_LOWER","1.575",""
"SD","HAI_2_CI_LOWER","0.680",""
"TN","HAI_2_CI_LOWER","1.377",""
"TX","HAI_2_CI_LOWER","0.893",""
"UT","HAI_2_CI_LOWER","1.610",""
"VA","HAI_2_CI_LOWER","0.804",""
"VI","HAI_2_CI_LOWER","0.776",""
"VT","HAI_2_CI_LOWER","0.846",""
"WA","HAI_2_CI_LOWER","1.037",""
"WI","HAI_2_CI_LOWER","0.813",""
"WV","HAI_2_CI_LOWER","0.703",""
"WY","HAI_2_CI_LOWER","0.156",""
"AK","HAI_3_SIR","1.504",""
"AL","HAI_3_SIR","0.568",""
"AR","HAI_3_SIR","0.875",""
"AS","HAI_3_SIR","Not Available","Results are not available for this reporting period."
"AZ","HAI_3_SIR","1.117",""
"CA","HAI_3_SIR","0.713",""
"CO","HAI_3_SIR","0.736",""
"CT","HAI_3_SIR","1.177",""
"DC","HAI_3_SIR","0.584",""
"DE","HAI_3_SIR","0.566",""
"FL","HAI_3_SIR","0.737",""
"GA","HAI_3_SIR","0.774",""
"GU","HAI_3_SIR","Not Available","Results are not available for this reporting period."
"HI","HAI_3_SIR","0.925",""
"IA","HAI_3_SIR","1.097",""
"ID","HAI_3_SIR","1.018",""
"IL","HAI_3_SIR","0.683",""
"IN","HAI_3_SIR","1.046",""
"KS","HAI_3_SIR","0.997",""
"KY","HAI_3_SIR","0.864",""
"LA","HAI_3_SIR","1.035",""
"MA","HAI_3_SIR","0.803",""
"MD","HAI_3_SIR","0.768",""
"ME","HAI_3_SIR","1.133",""
"MI","HAI_3_SIR","0.855",""
"MN","HAI_3_SIR","0.709",""
"MO","HAI_3_SIR","0.601",""
"MP","HAI_3_SIR","Not Available","Results are not available for this reporting period."
"MS","HAI_3_SIR","0.788",""
"MT","HAI_3_SIR","0.491",""
"NC","HAI_3_SIR","0.754",""
"ND","HAI_3_SIR","1.319",""
"NE","HAI_3_SIR","1.110",""
"NH","HAI_3_SIR","0.881",""
"NJ","HAI_3_SIR","0.636",""
"NM","HAI_3_SIR","0.583",""
"NV","HAI_3_SIR","1.134",""
"NY","HAI_3_SIR","0.792",""
"OH","HAI_3_SIR","0.723",""
"OK","HAI_3_SIR","0.748",""
"OR","HAI_3_SIR","0.821",""
"PA","HAI_3_SIR","0.843",""
"PR","HAI_3_SIR","Not Available","Results are not available for this reporting period."
"RI","HAI_3_SIR","1.175",""
"SC","HAI_3_SIR","1.002",""
"SD","HAI_3_SIR","0.901",""
"TN","HAI_3_SIR","0.963",""
"TX","HAI_3_SIR","0.730",""
"UT","HAI_3_SIR","1.578",""
"VA","HAI_3_SIR","0.757",""
"VI","HAI_3_SIR","Not Available","Results cannot be calculated for this reporting period."
"VT","HAI_3_SIR","1.747",""
"WA","HAI_3_SIR","0.702",""
"WI","HAI_3_SIR","0.867",""
"WV","HAI_3_SIR","0.936",""
"WY","HAI_3_SIR","1.144",""
"AK","HAI_3_CI_UPPER","2.221",""
"AL","HAI_3_CI_UPPER","0.689",""
"AR","HAI_3_CI_UPPER","1.093",""
"AS","HAI_3_CI_UPPER","Not Available","Results are not available for this reporting period."
"AZ","HAI_3_CI_UPPER","1.278",""
"CA","HAI_3_CI_UPPER","0.773",""
"CO","HAI_3_CI_UPPER","0.898",""
"CT","HAI_3_CI_UPPER","1.400",""
"DC","HAI_3_CI_UPPER","0.936",""
"DE","HAI_3_CI_UPPER","0.884",""
"FL","HAI_3_CI_UPPER","0.808",""
"GA","HAI_3_CI_UPPER","0.886",""
"GU","HAI_3_CI_UPPER","Not Available","Results are not available for this reporting period."
"HI","HAI_3_CI_UPPER","1.366",""
"IA","HAI_3_CI_UPPER","1.351",""
"ID","HAI_3_CI_UPPER","1.397",""
"IL","HAI_3_CI_UPPER","0.775",""
"IN","HAI_3_CI_UPPER","1.193",""
"KS","HAI_3_CI_UPPER","1.239",""
"KY","HAI_3_CI_UPPER","1.027",""
"LA","HAI_3_CI_UPPER","1.223",""
"MA","HAI_3_CI_UPPER","0.941",""
"MD","HAI_3_CI_UPPER","1.313",""
"ME","HAI_3_CI_UPPER","1.521",""
"MI","HAI_3_CI_UPPER","0.965",""
"MN","HAI_3_CI_UPPER","0.855",""
"MO","HAI_3_CI_UPPER","0.708",""
"MP","HAI_3_CI_UPPER","Not Available","Results are not available for this reporting period."
"MS","HAI_3_CI_UPPER","0.993",""
"MT","HAI_3_CI_UPPER","0.839",""
"NC","HAI_3_CI_UPPER","0.862",""
"ND","HAI_3_CI_UPPER","1.852",""
"NE","HAI_3_CI_UPPER","1.417",""
"NH","HAI_3_CI_UPPER","1.243",""
"NJ","HAI_3_CI_UPPER","0.745",""
"NM","HAI_3_CI_UPPER","0.883",""
"NV","HAI_3_CI_UPPER","1.430",""
"NY","HAI_3_CI_UPPER","0.877",""
"OH","HAI_3_CI_UPPER","0.809",""
"OK","HAI_3_CI_UPPER","0.918",""
"OR","HAI_3_CI_UPPER","1.004",""
"PA","HAI_3_CI_UPPER","0.930",""
"PR","HAI_3_CI_UPPER","Not Available","Results are not available for this reporting period."
"RI","HAI_3_CI_UPPER","1.606",""
"SC","HAI_3_CI_UPPER","1.184",""
"SD","HAI_3_CI_UPPER","1.330",""
"TN","HAI_3_CI_UPPER","1.107",""
"TX","HAI_3_CI_UPPER","0.800",""
"UT","HAI_3_CI_UPPER","1.929",""
"VA","HAI_3_CI_UPPER","0.886",""
"VI","HAI_3_CI_UPPER","Not Available","Results cannot be calculated for this reporting period."
"VT","HAI_3_CI_UPPER","2.622",""
"WA","HAI_3_CI_UPPER","0.844",""
"WI","HAI_3_CI_UPPER","1.018",""
"WV","HAI_3_CI_UPPER","1.212",""
"WY","HAI_3_CI_UPPER","2.047",""
"AK","HAI_3_CI_LOWER","0.973",""
"AL","HAI_3_CI_LOWER","0.463",""
"AR","HAI_3_CI_LOWER","0.692",""
"AS","HAI_3_CI_LOWER","Not Available","Results are not available for this reporting period."
"AZ","HAI_3_CI_LOWER","0.972",""
"CA","HAI_3_CI_LOWER","0.656",""
"CO","HAI_3_CI_LOWER","0.597",""
"CT","HAI_3_CI_LOWER","0.981",""
"DC","HAI_3_CI_LOWER","0.340",""
"DE","HAI_3_CI_LOWER","0.341",""
"FL","HAI_3_CI_LOWER","0.670",""
"GA","HAI_3_CI_LOWER","0.673",""
"GU","HAI_3_CI_LOWER","Not Available","Results are not available for this reporting period."
"HI","HAI_3_CI_LOWER","0.599",""
"IA","HAI_3_CI_LOWER","0.879",""
"ID","HAI_3_CI_LOWER","0.720",""
"IL","HAI_3_CI_LOWER","0.599",""
"IN","HAI_3_CI_LOWER","0.913",""
"KS","HAI_3_CI_LOWER","0.792",""
"KY","HAI_3_CI_LOWER","0.722",""
"LA","HAI_3_CI_LOWER","0.870",""
"MA","HAI_3_CI_LOWER","0.680",""
"MD","HAI_3_CI_LOWER","0.409",""
"ME","HAI_3_CI_LOWER","0.823",""
"MI","HAI_3_CI_LOWER","0.755",""
"MN","HAI_3_CI_LOWER","0.583",""
"MO","HAI_3_CI_LOWER","0.507",""
"MP","HAI_3_CI_LOWER","Not Available","Results are not available for this reporting period."
"MS","HAI_3_CI_LOWER","0.617",""
"MT","HAI_3_CI_LOWER","0.261",""
"NC","HAI_3_CI_LOWER","0.656",""
"ND","HAI_3_CI_LOWER","0.908",""
"NE","HAI_3_CI_LOWER","0.854",""
"NH","HAI_3_CI_LOWER","0.602",""
"NJ","HAI_3_CI_LOWER","0.539",""
"NM","HAI_3_CI_LOWER","0.365",""
"NV","HAI_3_CI_LOWER","0.886",""
"NY","HAI_3_CI_LOWER","0.713",""
"OH","HAI_3_CI_LOWER","0.644",""
"OK","HAI_3_CI_LOWER","0.603",""
"OR","HAI_3_CI_LOWER","0.663",""
"PA","HAI_3_CI_LOWER","0.763",""
"PR","HAI_3_CI_LOWER","Not Available","Results are not available for this reporting period."
"RI","HAI_3_CI_LOWER","0.835",""
"SC","HAI_3_CI_LOWER","0.841",""
"SD","HAI_3_CI_LOWER","0.583",""
"TN","HAI_3_CI_LOWER","0.834",""
"TX","HAI_3_CI_LOWER","0.665",""
"UT","HAI_3_CI_LOWER","1.277",""
"VA","HAI_3_CI_LOWER","0.643",""
"VI","HAI_3_CI_LOWER","Not Available","Results cannot be calculated for this reporting period."
"VT","HAI_3_CI_LOWER","1.107",""
"WA","HAI_3_CI_LOWER","0.578",""
"WI","HAI_3_CI_LOWER","0.734",""
"WV","HAI_3_CI_LOWER","0.709",""
"WY","HAI_3_CI_LOWER","0.571",""
"AK","HAI_4_SIR","0.576",""
"AL","HAI_4_SIR","0.476",""
"AR","HAI_4_SIR","0.905",""
"AS","HAI_4_SIR","Not Available","Results are not available for this reporting period."
"AZ","HAI_4_SIR","1.136",""
"CA","HAI_4_SIR","0.887",""
"CO","HAI_4_SIR","0.934",""
"CT","HAI_4_SIR","1.505",""
"DC","HAI_4_SIR","1.433",""
"DE","HAI_4_SIR","1.053",""
"FL","HAI_4_SIR","0.945",""
"GA","HAI_4_SIR","0.789",""
"GU","HAI_4_SIR","Not Available","Results are not available for this reporting period."
"HI","HAI_4_SIR","1.760",""
"IA","HAI_4_SIR","1.102",""
"ID","HAI_4_SIR","0.638",""
"IL","HAI_4_SIR","0.934",""
"IN","HAI_4_SIR","0.644",""
"KS","HAI_4_SIR","0.651",""
"KY","HAI_4_SIR","1.015",""
"LA","HAI_4_SIR","1.277",""
"MA","HAI_4_SIR","0.793",""
"MD","HAI_4_SIR","1.751",""
"ME","HAI_4_SIR","0.677",""
"MI","HAI_4_SIR","1.263",""
"MN","HAI_4_SIR","1.392",""
"MO","HAI_4_SIR","0.714",""
"MP","HAI_4_SIR","Not Available","Results are not available for this reporting period."
"MS","HAI_4_SIR","1.170",""
"MT","HAI_4_SIR","0.833",""
"NC","HAI_4_SIR","0.712",""
"ND","HAI_4_SIR","1.134",""
"NE","HAI_4_SIR","0.879",""
"NH","HAI_4_SIR","1.281",""
"NJ","HAI_4_SIR","1.054",""
"NM","HAI_4_SIR","0.947",""
"NV","HAI_4_SIR","0.721",""
"NY","HAI_4_SIR","1.360",""
"OH","HAI_4_SIR","0.841",""
"OK","HAI_4_SIR","0.650",""
"OR","HAI_4_SIR","0.512",""
"PA","HAI_4_SIR","1.013",""
"PR","HAI_4_SIR","Not Available","Results are not available for this reporting period."
"RI","HAI_4_SIR","1.703",""
"SC","HAI_4_SIR","1.001",""
"SD","HAI_4_SIR","0.707",""
"TN","HAI_4_SIR","0.851",""
"TX","HAI_4_SIR","0.812",""
"UT","HAI_4_SIR","0.962",""
"VA","HAI_4_SIR","0.820",""
"VI","HAI_4_SIR","Not Available","Results cannot be calculated for this reporting period."
"VT","HAI_4_SIR","0.869",""
"WA","HAI_4_SIR","0.602",""
"WI","HAI_4_SIR","1.239",""
"WV","HAI_4_SIR","0.696",""
"WY","HAI_4_SIR","0.816",""
"AK","HAI_4_CI_UPPER","1.682",""
"AL","HAI_4_CI_UPPER","0.662",""
"AR","HAI_4_CI_UPPER","1.318",""
"AS","HAI_4_CI_UPPER","Not Available","Results are not available for this reporting period."
"AZ","HAI_4_CI_UPPER","1.454",""
"CA","HAI_4_CI_UPPER","1.019",""
"CO","HAI_4_CI_UPPER","1.342",""
"CT","HAI_4_CI_UPPER","1.996",""
"DC","HAI_4_CI_UPPER","2.564",""
"DE","HAI_4_CI_UPPER","1.937",""
"FL","HAI_4_CI_UPPER","1.114",""
"GA","HAI_4_CI_UPPER","0.978",""
"GU","HAI_4_CI_UPPER","Not Available","Results are not available for this reporting period."
"HI","HAI_4_CI_UPPER","3.340",""
"IA","HAI_4_CI_UPPER","1.668",""
"ID","HAI_4_CI_UPPER","1.490",""
"IL","HAI_4_CI_UPPER","1.142",""
"IN","HAI_4_CI_UPPER","0.873",""
"KS","HAI_4_CI_UPPER","1.073",""
"KY","HAI_4_CI_UPPER","1.339",""
"LA","HAI_4_CI_UPPER","1.641",""
"MA","HAI_4_CI_UPPER","1.103",""
"MD","HAI_4_CI_UPPER","2.705",""
"ME","HAI_4_CI_UPPER","1.734",""
"MI","HAI_4_CI_UPPER","1.535",""
"MN","HAI_4_CI_UPPER","1.792",""
"MO","HAI_4_CI_UPPER","0.949",""
"MP","HAI_4_CI_UPPER","Not Available","Results are not available for this reporting period."
"MS","HAI_4_CI_UPPER","1.571",""
"MT","HAI_4_CI_UPPER","1.813",""
"NC","HAI_4_CI_UPPER","0.907",""
"ND","HAI_4_CI_UPPER","2.469",""
"NE","HAI_4_CI_UPPER","1.450",""
"NH","HAI_4_CI_UPPER","2.292",""
"NJ","HAI_4_CI_UPPER","1.325",""
"NM","HAI_4_CI_UPPER","1.619",""
"NV","HAI_4_CI_UPPER","1.233",""
"NY","HAI_4_CI_UPPER","1.561",""
"OH","HAI_4_CI_UPPER","1.021",""
"OK","HAI_4_CI_UPPER","0.967",""
"OR","HAI_4_CI_UPPER","0.832",""
"PA","HAI_4_CI_UPPER","1.206",""
"PR","HAI_4_CI_UPPER","Not Available","Results are not available for this reporting period."
"RI","HAI_4_CI_UPPER","2.765",""
"SC","HAI_4_CI_UPPER","1.299",""
"SD","HAI_4_CI_UPPER","1.650",""
"TN","HAI_4_CI_UPPER","1.079",""
"TX","HAI_4_CI_UPPER","0.937",""
"UT","HAI_4_CI_UPPER","1.444",""
"VA","HAI_4_CI_UPPER","1.073",""
"VI","HAI_4_CI_UPPER","Not Available","Results cannot be calculated for this reporting period."
"VT","HAI_4_CI_UPPER","2.224",""
"WA","HAI_4_CI_UPPER","0.859",""
"WI","HAI_4_CI_UPPER","1.617",""
"WV","HAI_4_CI_UPPER","1.115",""
"WY","HAI_4_CI_UPPER","2.385",""
"AK","HAI_4_CI_LOWER","0.119",""
"AL","HAI_4_CI_LOWER","0.332",""
"AR","HAI_4_CI_LOWER","0.597",""
"AS","HAI_4_CI_LOWER","Not Available","Results are not available for this reporting period."
"AZ","HAI_4_CI_LOWER","0.873",""
"CA","HAI_4_CI_LOWER","0.769",""
"CO","HAI_4_CI_LOWER","0.625",""
"CT","HAI_4_CI_LOWER","1.110",""
"DC","HAI_4_CI_LOWER","0.715",""
"DE","HAI_4_CI_LOWER","0.505",""
"FL","HAI_4_CI_LOWER","0.795",""
"GA","HAI_4_CI_LOWER","0.629",""
"GU","HAI_4_CI_LOWER","Not Available","Results are not available for this reporting period."
"HI","HAI_4_CI_LOWER","0.805",""
"IA","HAI_4_CI_LOWER","0.690",""
"ID","HAI_4_CI_LOWER","0.207",""
"IL","HAI_4_CI_LOWER","0.755",""
"IN","HAI_4_CI_LOWER","0.462",""
"KS","HAI_4_CI_LOWER","0.364",""
"KY","HAI_4_CI_LOWER","0.754",""
"LA","HAI_4_CI_LOWER","0.977",""
"MA","HAI_4_CI_LOWER","0.553",""
"MD","HAI_4_CI_LOWER","1.069",""
"ME","HAI_4_CI_LOWER","0.184",""
"MI","HAI_4_CI_LOWER","1.029",""
"MN","HAI_4_CI_LOWER","1.062",""
"MO","HAI_4_CI_LOWER","0.524",""
"MP","HAI_4_CI_LOWER","Not Available","Results are not available for this reporting period."
"MS","HAI_4_CI_LOWER","0.850",""
"MT","HAI_4_CI_LOWER","0.306",""
"NC","HAI_4_CI_LOWER","0.549",""
"ND","HAI_4_CI_LOWER","0.416",""
"NE","HAI_4_CI_LOWER","0.492",""
"NH","HAI_4_CI_LOWER","0.639",""
"NJ","HAI_4_CI_LOWER","0.826",""
"NM","HAI_4_CI_LOWER","0.504",""
"NV","HAI_4_CI_LOWER","0.384",""
"NY","HAI_4_CI_LOWER","1.178",""
"OH","HAI_4_CI_LOWER","0.686",""
"OK","HAI_4_CI_LOWER","0.416",""
"OR","HAI_4_CI_LOWER","0.293",""
"PA","HAI_4_CI_LOWER","0.844",""
"PR","HAI_4_CI_LOWER","Not Available","Results are not available for this reporting period."
"RI","HAI_4_CI_LOWER","0.973",""
"SC","HAI_4_CI_LOWER","0.756",""
"SD","HAI_4_CI_LOWER","0.230",""
"TN","HAI_4_CI_LOWER","0.661",""
"TX","HAI_4_CI_LOWER","0.701",""
"UT","HAI_4_CI_LOWER","0.610",""
"VA","HAI_4_CI_LOWER","0.614",""
"VI","HAI_4_CI_LOWER","Not Available","Results cannot be calculated for this reporting period."
"VT","HAI_4_CI_LOWER","0.237",""
"WA","HAI_4_CI_LOWER","0.406",""
"WI","HAI_4_CI_LOWER","0.931",""
"WV","HAI_4_CI_LOWER","0.405",""
"WY","HAI_4_CI_LOWER","0.168",""
